MAE,MSE,RMSE,R2,Model
9.135017185032625,127.67937067831303,11.299529666243327,0.5532039979728409,RandomForest
