Model,MAE,MSE,RMSE,R2
RandomForest,9.135017185032623,127.67937067831303,11.299529666243327,0.5532039979728409
GradientBoosting,9.136403788487668,126.9834025361538,11.268691252144315,0.5556394406117184
XGBoost,9.145225570716898,127.58694399020912,11.295439079124332,0.5535274321698145
